t,y
0.000000000000000000e+00,1.315802285295868579e+01
4.500750125020837322e-02,1.302153955962242193e+01
9.001500250041674644e-02,1.343884067317042152e+01
1.350225037506251058e-01,1.215959578567462529e+01
1.800300050008334929e-01,1.235763739796555072e+01
2.250375062510418522e-01,1.170253400802682719e+01
2.700450075012502116e-01,1.167779499882195360e+01
3.150525087514585709e-01,1.047994170266197855e+01
3.600600100016669858e-01,1.073316379688238698e+01
4.050675112518753451e-01,9.764184749992084633e+00
4.500750125020837045e-01,8.804650814980883311e+00
4.950825137522920638e-01,8.953121460615509619e+00
5.400900150025004232e-01,8.209771384553626206e+00
5.850975162527087825e-01,7.340895606731873357e+00
6.301050175029171418e-01,6.050002325270204651e+00
6.751125187531255012e-01,6.064274704569276864e+00
7.201200200033339716e-01,4.487430025677234369e+00
7.651275212535423309e-01,5.040407028419052082e+00
8.101350225037506902e-01,4.077991928734860494e+00
8.551425237539590496e-01,2.594314366568682750e+00
9.001500250041674089e-01,1.666294854767492950e+00
9.451575262543757683e-01,6.545313476668948027e-01
9.901650275045841276e-01,9.814334679682321649e-01
1.035172528754792598e+00,-7.954556030647133014e-01
1.080180030005000846e+00,-1.732386836410372055e+00
1.125187531255209317e+00,-2.502994135120577113e+00
1.170195032505417565e+00,-3.087864381409149317e+00
1.215202533755626035e+00,-3.543411931668158488e+00
1.260210035005834284e+00,-4.000683701267135461e+00
1.305217536256042754e+00,-5.987773719239051218e+00
1.350225037506251002e+00,-5.704195036244435357e+00
1.395232538756459473e+00,-6.308485962444624562e+00
1.440240040006667943e+00,-6.733204184102227430e+00
1.485247541256876191e+00,-7.069149347065792455e+00
1.530255042507084662e+00,-7.949256047441362938e+00
1.575262543757292910e+00,-7.610519402716526827e+00
1.620270045007501380e+00,-8.644917697726089756e+00
1.665277546257709629e+00,-8.933511102650854241e+00
1.710285047507918099e+00,-8.666235406386366691e+00
1.755292548758126348e+00,-8.809463944347736941e+00
1.800300050008334818e+00,-9.046989871260691984e+00
1.845307551258543066e+00,-8.562800172622669237e+00
1.890315052508751537e+00,-7.919834703690280975e+00
1.935322553758960007e+00,-8.207655738682579027e+00
1.980330055009168255e+00,-7.811169935906065120e+00
2.025337556259376726e+00,-7.683631944783552825e+00
2.070345057509585196e+00,-6.523646362110749664e+00
2.115352558759793222e+00,-7.208362267045043126e+00
2.160360060010001693e+00,-6.681522080067924918e+00
2.205367561260210163e+00,-6.363518751318977706e+00
2.250375062510418633e+00,-5.750435304963364302e+00
2.295382563760626660e+00,-5.130641468835847263e+00
2.340390065010835130e+00,-5.001275516521456410e+00
2.385397566261043600e+00,-4.630413771532499112e+00
2.430405067511252071e+00,-3.198259883962585093e+00
2.475412568761460541e+00,-3.581918155366125234e+00
2.520420070011668567e+00,-1.799527004734729374e+00
2.565427571261877038e+00,-1.804663065058472071e+00
2.610435072512085508e+00,-9.660509581485463571e-01
2.655442573762293978e+00,-4.180272628605461449e-01
2.700450075012502005e+00,5.002306787406425315e-01
2.745457576262710475e+00,1.899164168574831280e+00
2.790465077512918946e+00,2.444313185603929739e+00
2.835472578763127416e+00,2.947936313075290471e+00
2.880480080013335886e+00,2.525429680608986871e+00
2.925487581263543913e+00,3.611797199644115608e+00
2.970495082513752383e+00,4.709114603921505271e+00
3.015502583763960853e+00,4.913055573122644404e+00
3.060510085014169324e+00,5.872684861364705355e+00
3.105517586264377350e+00,6.571387545848764944e+00
3.150525087514585820e+00,6.605160282696701302e+00
3.195532588764794291e+00,7.700408266660133449e+00
3.240540090015002761e+00,6.586911478305097489e+00
3.285547591265210787e+00,8.152412837434269477e+00
3.330555092515419258e+00,8.710304898821906505e+00
3.375562593765627728e+00,8.286310815939433638e+00
3.420570095015836198e+00,8.405304349168071454e+00
3.465577596266044669e+00,9.556363813268927032e+00
3.510585097516252695e+00,9.428978268555811226e+00
3.555592598766461165e+00,8.842118643381407850e+00
3.600600100016669636e+00,1.001063507821333332e+01
3.645607601266878106e+00,9.039271012699172658e+00
3.690615102517086132e+00,9.225354941244169993e+00
3.735622603767294603e+00,9.241800332688347552e+00
3.780630105017503073e+00,8.921775812726789212e+00
3.825637606267711543e+00,9.018775186996226267e+00
3.870645107517920014e+00,8.276311065230665065e+00
3.915652608768128040e+00,8.611838477466235986e+00
3.960660110018336511e+00,7.334792779598036994e+00
4.005667611268544981e+00,7.681436559328902014e+00
4.050675112518753451e+00,6.869987053556455336e+00
4.095682613768961922e+00,6.372425870110441259e+00
4.140690115019170392e+00,6.078798462995759877e+00
4.185697616269377974e+00,6.677491371486737215e+00
4.230705117519586445e+00,5.185791121666597725e+00
4.275712618769794915e+00,5.031400028415424330e+00
4.320720120020003385e+00,3.824880896327172763e+00
4.365727621270211856e+00,3.516262194386022166e+00
4.410735122520420326e+00,2.789543159703068653e+00
4.455742623770628796e+00,3.166242370849936094e+00
4.500750125020837267e+00,1.516507585094224453e+00
4.545757626271045737e+00,1.153752573007272630e+00
4.590765127521253319e+00,9.949164690706577829e-01
4.635772628771461790e+00,-5.517362058626638088e-01
4.680780130021670260e+00,-7.491843764121419724e-02
4.725787631271878730e+00,-1.140064105858971999e+00
4.770795132522087201e+00,-1.744697284079249400e+00
4.815802633772295671e+00,-2.235620591077999819e+00
4.860810135022504141e+00,-1.816512003593173219e+00
4.905817636272712612e+00,-2.750206034968977420e+00
4.950825137522921082e+00,-3.968251606907951867e+00
4.995832638773128664e+00,-4.187273788410447395e+00
5.040840140023337135e+00,-3.805799970593971793e+00
5.085847641273545605e+00,-3.645841787034198589e+00
5.130855142523754076e+00,-4.403510119610636764e+00
5.175862643773962546e+00,-6.128642729851566884e+00
5.220870145024171016e+00,-5.395338107836098018e+00
5.265877646274379487e+00,-4.903073563612382557e+00
5.310885147524587957e+00,-5.488407598104599217e+00
5.355892648774796427e+00,-5.861626937716126307e+00
5.400900150025004010e+00,-5.303131033570238628e+00
5.445907651275212480e+00,-5.836524491029207340e+00
5.490915152525420950e+00,-5.575852447875357498e+00
5.535922653775629421e+00,-5.649461114288000019e+00
5.580930155025837891e+00,-6.193630709742642182e+00
5.625937656276046361e+00,-4.765073570375811585e+00
5.670945157526254832e+00,-4.871051280967314767e+00
5.715952658776463302e+00,-5.741952061519913997e+00
5.760960160026671772e+00,-4.218016249785890182e+00
5.805967661276879355e+00,-4.274910195245896105e+00
5.850975162527087825e+00,-3.820780168451092251e+00
5.895982663777296295e+00,-3.946921380973400062e+00
5.940990165027504766e+00,-3.035355817622875207e+00
5.985997666277713236e+00,-3.454673848802922720e+00
6.031005167527921706e+00,-2.342233735201723732e+00
6.076012668778130177e+00,-1.826353853318913423e+00
6.121020170028338647e+00,-1.780136902865992354e+00
6.166027671278546229e+00,-6.094174061758632632e-01
6.211035172528754700e+00,-5.383140362336487073e-01
6.256042673778963170e+00,-2.524240725896085280e-01
6.301050175029171641e+00,-4.788976666551860717e-01
6.346057676279380111e+00,7.484109117983521742e-01
6.391065177529588581e+00,1.682763801858474295e+00
6.436072678779797052e+00,2.188199910636129175e+00
6.481080180030005522e+00,2.868172245379108531e+00
6.526087681280213992e+00,2.724810456290204463e+00
6.571095182530421575e+00,2.981240140585383003e+00
6.616102683780630045e+00,3.375136467726979284e+00
6.661110185030838515e+00,4.737771946473224638e+00
6.706117686281046986e+00,4.675828560694050395e+00
6.751125187531255456e+00,4.442786364758741335e+00
6.796132688781463926e+00,5.172348010537172414e+00
6.841140190031672397e+00,5.560695084403716848e+00
6.886147691281880867e+00,5.782359028706748560e+00
6.931155192532089337e+00,6.133444526875297953e+00
6.976162693782296920e+00,5.936591556004078285e+00
7.021170195032505390e+00,6.975501758813153153e+00
7.066177696282713860e+00,7.031566959349023094e+00
7.111185197532922331e+00,7.062250013195299658e+00
7.156192698783130801e+00,7.085075281929767321e+00
7.201200200033339271e+00,7.345578853047953771e+00
7.246207701283547742e+00,6.183604836715862696e+00
7.291215202533756212e+00,7.032997373649500616e+00
7.336222703783964683e+00,6.671812467276393654e+00
7.381230205034172265e+00,7.006584168309142768e+00
7.426237706284380735e+00,6.705047196752826011e+00
7.471245207534589206e+00,7.146394434349883085e+00
7.516252708784797676e+00,6.430896705849495021e+00
7.561260210035006146e+00,6.108081856185230585e+00
7.606267711285214617e+00,6.438452949622650578e+00
7.651275212535423087e+00,5.552141126776295010e+00
7.696282713785631557e+00,6.133190396498152452e+00
7.741290215035840028e+00,4.388788835451151726e+00
7.786297716286047610e+00,4.436628324689682046e+00
7.831305217536256080e+00,4.537542426466401935e+00
7.876312718786464551e+00,3.708732057495168100e+00
7.921320220036673021e+00,2.994377983251583331e+00
7.966327721286881491e+00,2.871178529399713852e+00
8.011335222537089962e+00,2.415620022114219445e+00
8.056342723787297544e+00,2.201616523454900332e+00
8.101350225037506902e+00,1.901957658106942617e+00
8.146357726287714485e+00,1.592022267096906418e+00
8.191365227537923843e+00,1.261732473030249935e+00
8.236372728788131425e+00,5.234330994802132153e-01
8.281380230038340784e+00,6.667240076608997867e-01
8.326387731288548366e+00,5.053257125430441477e-01
8.371395232538755948e+00,-5.990974720036668089e-02
8.416402733788965307e+00,-6.296332249062590591e-01
8.461410235039172889e+00,-1.547798242913989597e+00
8.506417736289382248e+00,-1.643983689967962292e+00
8.551425237539589830e+00,-2.080636610891858140e+00
8.596432738789799188e+00,-2.103038054680508750e+00
8.641440240040006771e+00,-2.064833246836451863e+00
8.686447741290216129e+00,-2.760379964398017805e+00
8.731455242540423711e+00,-3.124303577126685383e+00
8.776462743790631293e+00,-3.031747562177915967e+00
8.821470245040840652e+00,-2.735430225967716567e+00
8.866477746291048234e+00,-3.532094219598112872e+00
8.911485247541257593e+00,-3.466723624240330537e+00
8.956492748791465175e+00,-3.003719997828454780e+00
9.001500250041674533e+00,-3.350445032767291664e+00
9.046507751291882116e+00,-4.280109530025503872e+00
9.091515252542091474e+00,-3.784189929328180213e+00
9.136522753792299056e+00,-2.716170330465217830e+00
9.181530255042506639e+00,-3.561135993646285414e+00
9.226537756292715997e+00,-3.443615543278465196e+00
9.271545257542923579e+00,-2.987219710601326739e+00
9.316552758793132938e+00,-2.261725199947171916e+00
9.361560260043340520e+00,-2.442630109967881324e+00
9.406567761293549879e+00,-2.539302516347254013e+00
9.451575262543757461e+00,-2.313291305588412783e+00
9.496582763793966819e+00,-2.242508138637020920e+00
9.541590265044174402e+00,-1.542501019492130254e+00
9.586597766294381984e+00,-2.127322704251064067e+00
9.631605267544591342e+00,-1.199585134868934588e+00
9.676612768794798924e+00,-6.820340089336625056e-01
9.721620270045008283e+00,-7.875179584230167507e-01
9.766627771295215865e+00,-1.090214009196385447e+00
9.811635272545425224e+00,-3.239547054543336913e-01
9.856642773795632806e+00,-6.916755782554684373e-01
9.901650275045842164e+00,-1.857117413453934773e-02
9.946657776296049747e+00,1.146611317514835804e+00
9.991665277546257329e+00,-5.815833882755505613e-02
1.003667277879646669e+01,1.766963242749625351e+00
1.008168028004667427e+01,1.104810253445860369e+00
1.012668778129688363e+01,1.964380301708139598e+00
1.017169528254709121e+01,2.515716393012111141e+00
1.021670278379730057e+01,2.577335026620108493e+00
1.026171028504750815e+01,3.656137167365651308e+00
1.030671778629771751e+01,3.158116733316964186e+00
1.035172528754792509e+01,2.993975433066065506e+00
1.039673278879813267e+01,4.007859731610432519e+00
1.044174029004834203e+01,4.427190287533132818e+00
1.048674779129854961e+01,4.780245873126636624e+00
1.053175529254875897e+01,3.743272603968975432e+00
1.057676279379896656e+01,3.974527221758680007e+00
1.062177029504917591e+01,4.995714794824247740e+00
1.066677779629938350e+01,4.955227804140064585e+00
1.071178529754959285e+01,4.448106978926504418e+00
1.075679279879980044e+01,5.062762299111138731e+00
1.080180030005000802e+01,4.472650522549333374e+00
1.084680780130021738e+01,5.097065716644283206e+00
1.089181530255042496e+01,4.679049252707830675e+00
1.093682280380063432e+01,5.427239583271495249e+00
1.098183030505084190e+01,5.453291112692657983e+00
1.102683780630105126e+01,4.444247873817756656e+00
1.107184530755125884e+01,5.288988820733216301e+00
1.111685280880146820e+01,5.153098160266024408e+00
1.116186031005167578e+01,5.175250210540636608e+00
1.120686781130188336e+01,4.354675478834818314e+00
1.125187531255209272e+01,4.373283038974291159e+00
1.129688281380230030e+01,4.636550663633027369e+00
1.134189031505250966e+01,4.153459329562377178e+00
1.138689781630271725e+01,3.576742597887290209e+00
1.143190531755292660e+01,3.277369635873689013e+00
1.147691281880313419e+01,3.087710337234256031e+00
1.152192032005334354e+01,3.359720601543742191e+00
1.156692782130355113e+01,2.265259426623346783e+00
1.161193532255375871e+01,2.880559004683806990e+00
1.165694282380396807e+01,2.684033269057479743e+00
1.170195032505417565e+01,1.298785179120246269e+00
1.174695782630438501e+01,1.958542335673538304e+00
1.179196532755459259e+01,1.449907291942865939e+00
1.183697282880480195e+01,1.074233672112640647e+00
1.188198033005500953e+01,1.066916803381431578e+00
1.192698783130521711e+01,3.491706186666849732e-01
1.197199533255542647e+01,2.395050899910131648e-01
1.201700283380563405e+01,4.531360006413400754e-01
1.206201033505584341e+01,-5.708927344582619412e-01
1.210701783630605100e+01,-4.514078810659718499e-01
1.215202533755626035e+01,-1.055778221531509686e+00
1.219703283880646794e+01,-6.576840906942447162e-01
1.224204034005667729e+01,-9.053354165912868012e-01
1.228704784130688488e+01,-8.933581631625706621e-01
1.233205534255709246e+01,-1.841036337872242967e+00
1.237706284380730182e+01,-1.909117513196759930e+00
1.242207034505750940e+01,-2.114118822528563868e+00
1.246707784630771876e+01,-1.644275487196557251e+00
1.251208534755792634e+01,-1.921628577720282394e+00
1.255709284880813570e+01,-1.903226410162968563e+00
1.260210035005834328e+01,-2.060205345626094697e+00
1.264710785130855264e+01,-1.470094884886773201e+00
1.269211535255876022e+01,-2.533197696296609180e+00
1.273712285380896780e+01,-1.605553232578920131e+00
1.278213035505917716e+01,-2.486243094388914443e+00
1.282713785630938474e+01,-1.781513244263683404e+00
1.287214535755959410e+01,-1.947756817642577687e+00
1.291715285880980169e+01,-1.392407718453092969e+00
1.296216036006001104e+01,-1.047420461764938082e+00
1.300716786131021863e+01,-1.731746674840449529e+00
1.305217536256042798e+01,-8.218632565985561911e-01
1.309718286381063557e+01,-1.616140070160026809e+00
1.314219036506084315e+01,-1.328993257715982423e+00
1.318719786631105251e+01,-1.144541599694035128e+00
1.323220536756126009e+01,-6.825138675097122132e-01
1.327721286881146945e+01,-1.293845224479930778e+00
1.332222037006167703e+01,-7.355059604303963994e-01
1.336722787131188639e+01,1.269062872291524258e-01
1.341223537256209397e+01,5.166525885647175187e-01
1.345724287381230333e+01,-7.351669418666162414e-03
1.350225037506251091e+01,-1.179156435179020690e-01
1.354725787631271849e+01,8.140554727755109354e-01
1.359226537756292785e+01,8.955298149249948381e-01
1.363727287881313543e+01,8.964678234737579743e-01
1.368228038006334479e+01,1.240729104643520486e+00
1.372728788131355238e+01,1.418906081328227486e+00
1.377229538256376173e+01,1.791739737428045487e+00
1.381730288381396932e+01,1.336960762495477795e+00
1.386231038506417867e+01,2.460437764994026111e+00
1.390731788631438626e+01,2.703004560561023339e+00
1.395232538756459384e+01,2.457355167884140101e+00
1.399733288881480320e+01,2.748155806411737068e+00
1.404234039006501078e+01,3.689268194534331968e+00
1.408734789131522014e+01,2.692144170846860973e+00
1.413235539256542772e+01,3.823596654621033153e+00
1.417736289381563708e+01,3.391751853891242341e+00
1.422237039506584466e+01,3.726934506337440389e+00
1.426737789631605402e+01,4.220411837475528394e+00
1.431238539756626160e+01,4.379934477958601136e+00
1.435739289881646918e+01,4.192537689794328948e+00
1.440240040006667854e+01,4.254894556757968793e+00
1.444740790131688613e+01,4.298263811749280627e+00
1.449241540256709548e+01,4.437683969282812058e+00
1.453742290381730307e+01,4.058366461409255166e+00
1.458243040506751242e+01,3.440751309493853327e+00
1.462743790631772001e+01,3.810887778732558573e+00
1.467244540756792937e+01,3.730338474161421836e+00
1.471745290881813695e+01,3.530391009975501149e+00
1.476246041006834453e+01,3.533752850912703636e+00
1.480746791131855389e+01,3.362252264945192692e+00
1.485247541256876147e+01,4.038984695342058728e+00
1.489748291381897083e+01,3.303437114325388890e+00
1.494249041506917841e+01,2.696900372936425150e+00
1.498749791631938777e+01,3.059215648086634154e+00
1.503250541756959535e+01,2.736643215508796523e+00
1.507751291881980471e+01,2.522160632057665275e+00
1.512252042007001229e+01,3.273622597476805396e+00
1.516752792132021987e+01,2.277960531593500981e+00
1.521253542257042923e+01,2.524730701956782397e+00
1.525754292382063682e+01,1.379397284651451727e+00
1.530255042507084617e+01,2.185287208703375228e+00
1.534755792632105376e+01,1.748632783195850138e+00
1.539256542757126311e+01,1.744692823318715114e+00
1.543757292882147070e+01,5.427745855806662689e-01
1.548258043007168006e+01,7.219179665850603556e-01
1.552758793132188764e+01,8.762798442150732114e-01
1.557259543257209522e+01,7.099075589892365201e-01
1.561760293382230458e+01,6.722201600355948159e-01
1.566261043507251216e+01,5.941290281777114046e-01
1.570761793632272152e+01,-6.556454294854496823e-01
1.575262543757292910e+01,3.686031933700864016e-01
1.579763293882313846e+01,6.697553403235723124e-02
1.584264044007334604e+01,-8.286445716272439199e-02
1.588764794132355540e+01,-5.088596419774926716e-01
1.593265544257376298e+01,-5.622210087072403439e-01
1.597766294382397056e+01,1.255707692281280430e-01
1.602267044507417992e+01,-9.402215997301102135e-01
1.606767794632438751e+01,-8.300589238090410049e-01
1.611268544757459509e+01,-7.919715841673014012e-01
1.615769294882480622e+01,-1.081439524463604585e+00
1.620270045007501380e+01,-1.093786054804089858e+00
1.624770795132522139e+01,-7.304577266358514009e-01
1.629271545257542897e+01,-1.609177048066840143e+00
1.633772295382563655e+01,-8.502352081067670042e-01
1.638273045507584769e+01,-1.571873890746321223e+00
1.642773795632605527e+01,-6.653809073404737262e-01
1.647274545757626285e+01,-5.872180175766192889e-01
1.651775295882647043e+01,-3.887947339713484496e-01
1.656276046007668157e+01,-1.459547247592038133e+00
1.660776796132688915e+01,-1.472045046555798820e-01
1.665277546257709673e+01,2.531746137048092038e-01
1.669778296382730431e+01,-7.791939673507606301e-01
1.674279046507751190e+01,-6.812621151027933308e-01
1.678779796632772303e+01,-6.361554427037301451e-01
1.683280546757793061e+01,5.352430166915791432e-01
1.687781296882813820e+01,-1.676197580260136988e-01
1.692282047007834578e+01,8.972010449941869581e-02
1.696782797132855691e+01,-3.657569019105171293e-01
1.701283547257876450e+01,7.236304308049135159e-02
1.705784297382897208e+01,4.190912169483986816e-01
1.710285047507917966e+01,1.351945488647574578e+00
1.714785797632938724e+01,5.300906760157761966e-01
1.719286547757959838e+01,1.331927048741874842e+00
1.723787297882980596e+01,6.730414506473572089e-01
1.728288048008001354e+01,1.636102379641352300e+00
1.732788798133022112e+01,2.150362178882522457e+00
1.737289548258043226e+01,1.504973608854044187e+00
1.741790298383063984e+01,1.334355727935964353e+00
1.746291048508084742e+01,2.007817709075062851e+00
1.750791798633105500e+01,1.263021472073564411e+00
1.755292548758126259e+01,2.501750219839655287e+00
1.759793298883147372e+01,2.360970949314766365e+00
1.764294049008168130e+01,2.291695284634251095e+00
1.768794799133188889e+01,2.279427565493215013e+00
1.773295549258209647e+01,2.519033712995462082e+00
1.777796299383230760e+01,2.697982354752628709e+00
1.782297049508251519e+01,3.308738984697484398e+00
1.786797799633272277e+01,2.636947892559899920e+00
1.791298549758293035e+01,3.064534976913956044e+00
1.795799299883313793e+01,2.853751577168885056e+00
1.800300050008334907e+01,2.839570841173960858e+00
1.804800800133355665e+01,2.868163698506148052e+00
1.809301550258376423e+01,2.662957821537075276e+00
1.813802300383397181e+01,2.710495193648471357e+00
1.818303050508418295e+01,3.271773115832472989e+00
1.822803800633439053e+01,3.209966922599004846e+00
1.827304550758459811e+01,3.645347560404484710e+00
1.831805300883480569e+01,3.590506877798996577e+00
1.836306051008501328e+01,2.978927960725461510e+00
1.840806801133522441e+01,2.962907043871253698e+00
1.845307551258543199e+01,2.413786427026669124e+00
1.849808301383563958e+01,2.635888425658949430e+00
1.854309051508584716e+01,2.467183023701027267e+00
1.858809801633605829e+01,2.662987155004798545e+00
1.863310551758626588e+01,1.780489126146926893e+00
1.867811301883647346e+01,2.327622954493288709e+00
1.872312052008668104e+01,2.054619287166559616e+00
1.876812802133688862e+01,2.833244874388638479e+00
1.881313552258709976e+01,1.925070678997142792e+00
1.885814302383730734e+01,2.556670213435384476e+00
1.890315052508751492e+01,2.158553401401198002e+00
1.894815802633772250e+01,2.269634241801808727e+00
1.899316552758793364e+01,9.424587588781090375e-01
1.903817302883814122e+01,1.116340352812008163e+00
1.908318053008834880e+01,1.338762860267170396e+00
1.912818803133855639e+01,1.315241770406874622e+00
1.917319553258876397e+01,8.178917692775318216e-01
1.921820303383897510e+01,6.582793134916720135e-01
1.926321053508918268e+01,6.916955040208829786e-01
1.930821803633939027e+01,4.594912445987038296e-01
1.935322553758959785e+01,2.610482632299913064e-01
1.939823303883980898e+01,6.318380266023986280e-01
1.944324054009001657e+01,4.733914549987154885e-01
1.948824804134022415e+01,1.309960130337675110e-01
1.953325554259043173e+01,3.652183511929329995e-02
1.957826304384063931e+01,-3.624233738412740990e-02
1.962327054509085045e+01,4.663123316181874145e-01
1.966827804634105803e+01,-3.123605847204711239e-01
1.971328554759126561e+01,1.674238831758980695e-01
1.975829304884147319e+01,-5.433788367496816818e-02
1.980330055009168433e+01,-1.116672560661449154e-01
1.984830805134189191e+01,-5.689439513599463538e-01
1.989331555259209949e+01,-1.090316202255259270e-02
1.993832305384230708e+01,4.059150652998866349e-02
1.998333055509251466e+01,-5.537862002615732138e-01
2.002833805634272579e+01,4.265778680151104396e-01
2.007334555759293337e+01,9.792620511503180580e-02
2.011835305884314096e+01,-2.075499120471313574e-02
2.016336056009334854e+01,1.900035382758957780e-03
2.020836806134355967e+01,-7.350100366271465901e-01
2.025337556259376726e+01,6.115540247187567502e-02
2.029838306384397484e+01,2.266141652581570298e-01
2.034339056509418242e+01,-2.502642304741087287e-01
2.038839806634439000e+01,-4.670366269349344179e-01
2.043340556759460114e+01,5.041874096335750011e-01
2.047841306884480872e+01,2.648810934456840016e-01
2.052342057009501630e+01,4.349064545624550249e-01
2.056842807134522388e+01,4.292673286421830880e-01
2.061343557259543502e+01,4.203732107180684352e-01
2.065844307384564260e+01,1.039187061564593506e+00
2.070345057509585018e+01,6.500228514369563726e-01
2.074845807634605777e+01,7.868930120419186380e-01
2.079346557759626535e+01,1.148107139426326029e+00
2.083847307884647648e+01,1.084957127277434097e+00
2.088348058009668406e+01,1.573970270488450396e+00
2.092848808134689165e+01,1.104277096353337484e+00
2.097349558259709923e+01,1.663972785502169316e+00
2.101850308384731036e+01,1.036013779838157234e+00
2.106351058509751795e+01,1.884426946607051789e+00
2.110851808634772553e+01,1.983255697175971832e+00
2.115352558759793311e+01,2.213251008442651546e+00
2.119853308884814069e+01,2.776928719641240662e+00
2.124354059009835183e+01,2.275816318865215848e+00
2.128854809134855941e+01,2.141114138748591245e+00
2.133355559259876699e+01,2.652921519965254937e+00
2.137856309384897457e+01,2.381896960488449899e+00
2.142357059509918571e+01,1.930206809709700266e+00
2.146857809634939329e+01,2.442920783758924408e+00
2.151358559759960087e+01,2.058437651479677832e+00
2.155859309884980846e+01,2.363894449015329080e+00
2.160360060010001604e+01,2.131480766900294199e+00
2.164860810135022717e+01,2.456034703540660225e+00
2.169361560260043476e+01,2.529163094561968528e+00
2.173862310385064234e+01,2.547246523008761088e+00
2.178363060510084992e+01,2.577369435983716706e+00
2.182863810635106105e+01,3.043921229163946585e+00
2.187364560760126864e+01,2.589662607988893583e+00
2.191865310885147622e+01,2.140725617208444120e+00
2.196366061010168380e+01,3.082810886883434520e+00
2.200866811135189138e+01,1.767348879050357979e+00
2.205367561260210252e+01,2.042081426262448041e+00
2.209868311385231010e+01,2.145990532863827127e+00
2.214369061510251768e+01,2.811908924110648300e+00
2.218869811635272526e+01,1.711897910250440802e+00
2.223370561760293640e+01,2.159182899429851865e+00
2.227871311885314398e+01,2.134240598640685604e+00
2.232372062010335156e+01,1.867829312810822984e+00
2.236872812135355915e+01,2.342068841438531557e+00
2.241373562260376673e+01,1.163331722304310034e+00
2.245874312385397786e+01,1.475944976503129169e+00
2.250375062510418545e+01,1.480402910811816852e+00
2.254875812635439303e+01,7.508205421009073177e-01
2.259376562760460061e+01,9.882648803559508366e-01
2.263877312885481174e+01,1.655033604073848252e+00
2.268378063010501933e+01,1.071324425279836845e+00
2.272878813135522691e+01,1.107734349537020435e+00
2.277379563260543449e+01,1.165790792131593534e+00
2.281880313385564207e+01,6.553655440234624763e-01
2.286381063510585321e+01,-2.605851946035393496e-01
2.290881813635606079e+01,1.341166799846241986e+00
2.295382563760626837e+01,8.343128319258674708e-01
2.299883313885647595e+01,8.280740143621834193e-01
2.304384064010668709e+01,5.076302465038757816e-01
2.308884814135689467e+01,5.219408822748690113e-01
2.313385564260710225e+01,2.964243443535430345e-01
2.317886314385730984e+01,6.224147881633435020e-01
2.322387064510751742e+01,1.766864790038304989e-01
2.326887814635772855e+01,3.981695333376542578e-01
2.331388564760793614e+01,-3.312028943714917517e-01
2.335889314885814372e+01,1.314001594524327743e-01
2.340390065010835130e+01,1.368286709265358780e+00
2.344890815135855888e+01,-1.635200879520599671e-01
2.349391565260877002e+01,-5.081036236294700359e-02
2.353892315385897760e+01,-1.215482267956886631e-01
2.358393065510918518e+01,1.187557111921968556e-01
2.362893815635939276e+01,1.132373834849413896e-01
2.367394565760960390e+01,-1.840542530494957418e-01
2.371895315885981148e+01,2.704792557462454283e-01
2.376396066011001906e+01,6.703442378717241468e-01
2.380896816136022665e+01,3.227160284642494048e-02
2.385397566261043423e+01,-1.116871429593883747e+00
2.389898316386064536e+01,1.573482251890112593e-02
2.394399066511085294e+01,3.526925055682053056e-01
2.398899816636106053e+01,3.810025877845539810e-01
2.403400566761126811e+01,5.014672943999176624e-01
2.407901316886147924e+01,-1.012152796954879364e-02
2.412402067011168683e+01,4.164974705307997738e-01
2.416902817136189441e+01,1.093896870285426814e-01
2.421403567261210199e+01,1.115663858176123568e+00
2.425904317386230957e+01,8.250367267714935338e-01
2.430405067511252071e+01,7.020373510389816829e-01
2.434905817636272829e+01,1.155617908019140216e+00
2.439406567761293587e+01,6.092127350121181451e-01
2.443907317886314345e+01,1.018687513039633785e+00
2.448408068011335459e+01,7.464973395725600369e-01
2.452908818136356217e+01,5.798405450488601787e-01
2.457409568261376975e+01,1.432644213281468737e+00
2.461910318386397734e+01,1.238790139529987400e+00
2.466411068511418492e+01,9.919868079361684465e-01
2.470911818636439605e+01,1.357395015186856568e+00
2.475412568761460363e+01,1.412277667285133376e+00
2.479913318886481122e+01,1.660256149775804602e+00
2.484414069011501880e+01,1.701509547721483884e+00
2.488914819136522993e+01,2.258890633997079789e+00
2.493415569261543752e+01,2.319202535317135272e+00
2.497916319386564510e+01,1.700283300082711335e+00
2.502417069511585268e+01,2.119767632483639197e+00
2.506917819636606026e+01,2.235671797609150246e+00
2.511418569761627140e+01,1.572250478858009615e+00
2.515919319886647898e+01,1.737854945715429977e+00
2.520420070011668656e+01,1.650647026141113471e+00
2.524920820136689414e+01,2.267057548696499225e+00
2.529421570261710528e+01,2.479667119272451536e+00
2.533922320386731286e+01,2.376265333182361772e+00
2.538423070511752044e+01,2.708062345268201554e+00
2.542923820636772803e+01,2.653547479742996984e+00
2.547424570761793561e+01,1.906869288672467633e+00
2.551925320886814674e+01,1.751463078670768780e+00
2.556426071011835433e+01,2.462337788973218089e+00
2.560926821136856191e+01,2.245837745427890830e+00
2.565427571261876949e+01,1.886414887295995158e+00
2.569928321386898062e+01,2.014675470675723723e+00
2.574429071511918821e+01,2.183704205777977414e+00
2.578929821636939579e+01,3.152935957603122397e+00
2.583430571761960337e+01,1.418337184927713324e+00
2.587931321886981095e+01,1.798918655126266586e+00
2.592432072012002209e+01,2.011819697148093944e+00
2.596932822137022967e+01,1.997830799016044878e+00
2.601433572262043725e+01,1.298880946469243014e+00
2.605934322387064483e+01,1.842506992509388652e+00
2.610435072512085597e+01,1.756307888001719775e+00
2.614935822637106355e+01,1.651659047131104785e+00
2.619436572762127113e+01,9.885353688767430924e-01
2.623937322887147872e+01,1.217859674890368282e+00
2.628438073012168630e+01,1.734015054551630186e+00
2.632938823137189743e+01,7.768014498078699148e-01
2.637439573262210502e+01,1.309965943573894620e+00
2.641940323387231260e+01,9.679507736868337986e-01
2.646441073512252018e+01,1.676062621940813457e+00
2.650941823637273131e+01,4.567129652735069101e-02
2.655442573762293890e+01,-5.181404948845269587e-02
2.659943323887314648e+01,6.896297414593686170e-01
2.664444074012335406e+01,7.891746576760407805e-01
2.668944824137356164e+01,1.199602039232207318e+00
2.673445574262377278e+01,4.367644906481142897e-01
2.677946324387398036e+01,6.834739465835291128e-01
2.682447074512418794e+01,3.016812348924133858e-01
2.686947824637439552e+01,8.379170062443321854e-01
2.691448574762460666e+01,1.295834950983199008e-02
2.695949324887481424e+01,1.173473071897843667e+00
2.700450075012502182e+01,1.060169730800549104e+00
2.704950825137522941e+01,1.303252776043510863e-01
2.709451575262543699e+01,8.692571441166201396e-01
2.713952325387564812e+01,7.947669528317717891e-01
2.718453075512585571e+01,4.328050370368021760e-01
2.722953825637606329e+01,5.002055065231942876e-01
2.727454575762627087e+01,3.817359038825571815e-01
2.731955325887648200e+01,6.928169353758981686e-01
2.736456076012668959e+01,7.762640723835048107e-01
2.740956826137689717e+01,2.044703846571493955e-01
2.745457576262710475e+01,3.027432919519803534e-01
2.749958326387731233e+01,4.427525121025475130e-01
2.754459076512752347e+01,2.596185500800380908e-01
2.758959826637773105e+01,3.616040672120099941e-01
2.763460576762793863e+01,9.824806740073412925e-01
2.767961326887814622e+01,2.546217714157563705e-01
2.772462077012835735e+01,8.041432829563390783e-01
2.776962827137856493e+01,5.204331228330687509e-01
2.781463577262877251e+01,9.359155291631662266e-01
2.785964327387898010e+01,1.070704518937809269e+00
2.790465077512918768e+01,7.794135302233389240e-01
2.794965827637939881e+01,1.154773972281420313e+00
2.799466577762960640e+01,3.672935796668248543e-01
2.803967327887981398e+01,8.517694099745583003e-01
2.808468078013002156e+01,1.311505011742672977e+00
2.812968828138023270e+01,1.152392308111123143e+00
2.817469578263044028e+01,1.224236166711403229e+00
2.821970328388064786e+01,1.474172324918679777e+00
2.826471078513085544e+01,1.434282847835698149e+00
2.830971828638106302e+01,1.404118035277299725e+00
2.835472578763127416e+01,1.589562242000686965e+00
2.839973328888148174e+01,1.229995196734938290e+00
2.844474079013168932e+01,1.604486016684349536e+00
2.848974829138189691e+01,1.712475727053192287e+00
2.853475579263210804e+01,1.143431327328617186e+00
2.857976329388231562e+01,6.602823815979785849e-01
2.862477079513252320e+01,1.356528543019166477e+00
2.866977829638273079e+01,1.866713256256320008e+00
2.871478579763293837e+01,1.291124781469457972e+00
2.875979329888314950e+01,1.006030512540760924e+00
2.880480080013335709e+01,8.100588645712001323e-01
2.884980830138356467e+01,2.169180586506088027e+00
2.889481580263377225e+01,1.938832501166487532e+00
2.893982330388398339e+01,1.692540471000983260e+00
2.898483080513419097e+01,1.859176151843081826e+00
2.902983830638439855e+01,2.162300348440393982e+00
2.907484580763460613e+01,2.035592843150274334e+00
2.911985330888481371e+01,2.256410495300956498e+00
2.916486081013502485e+01,2.500936428042625614e+00
2.920986831138523243e+01,1.520448252708543890e+00
2.925487581263544001e+01,1.016125836068535904e+00
2.929988331388564760e+01,1.844637534728253314e+00
2.934489081513585873e+01,1.559200402892727766e+00
2.938989831638606631e+01,2.043047905358310601e+00
2.943490581763627389e+01,1.338979780018629384e+00
2.947991331888648148e+01,1.167795551950742805e+00
2.952492082013668906e+01,2.007911107466700429e+00
2.956992832138690019e+01,1.349570377550310951e+00
2.961493582263710778e+01,2.194238257989827190e+00
2.965994332388731536e+01,1.007543969129972794e+00
2.970495082513752294e+01,1.130802367254410967e+00
2.974995832638773408e+01,1.241821187770149493e+00
2.979496582763794166e+01,1.474812911293245321e+00
2.983997332888814924e+01,1.139875760389395865e+00
2.988498083013835682e+01,1.882841876476062382e+00
2.992998833138856440e+01,1.339857683598317806e+00
2.997499583263877554e+01,1.488352608924101261e+00
