t,y
0.0,0.0018520369906510625
0.26666666666666666,0.001719890579256922
0.5333333333333333,0.001225180590491648
0.8,5.70299740604352E-4
1.0666666666666667,1.0956157293390278E-4
1.3333333333333335,-3.339130872344609E-4
1.6,-0.0015874032688590334
1.8666666666666667,-0.0017415391566296123
2.1333333333333333,-0.00198063431231682
2.4,-0.001940880284961033
2.666666666666667,-0.003131510832612705
2.9333333333333336,-0.003255697887076081
3.2,-0.0039103983650610186
3.466666666666667,-0.00504158434952634
3.7333333333333334,-0.004802375806250925
4.0,-0.0050205367042026605
4.266666666666667,-0.005562212036125058
4.533333333333333,-0.006611626721734931
4.8,-0.007116708519826764
5.066666666666667,-0.007388185821715576
5.333333333333334,-0.006979830770452833
5.6000000000000005,-0.008511604623869296
5.866666666666667,-0.00927935471536695
6.133333333333334,-0.008773771374562978
6.4,-0.009153469573539075
6.666666666666667,-0.010503944037732527
6.933333333333334,-0.010569401018700075
7.2,-0.010888808738473865
7.466666666666667,-0.01271218306518318
7.733333333333333,-0.013127469031730121
8.0,-0.01409989625656044
8.266666666666667,-0.01452714419849116
8.533333333333333,-0.01447660915096538
8.8,-0.015369741726940334
9.066666666666666,-0.016264878276674666
9.333333333333334,-0.015684801744625387
9.6,-0.016512389968685315
9.866666666666667,-0.016000367931521486
10.133333333333335,-0.016294440306160785
10.4,-0.019360591393888904
10.666666666666668,-0.01795351029494091
10.933333333333334,-0.01815599605039514
11.200000000000001,-0.01952249780674631
11.466666666666667,-0.018303491814556982
11.733333333333334,-0.019069077923873745
12.0,-0.01923408420095235
12.266666666666667,-0.019378231615701957
12.533333333333333,-0.01998567760150949
12.8,-0.019428980969405263
13.066666666666666,-0.01949750106473286
13.333333333333334,-0.01992907634542046
13.600000000000001,-0.019476855193002462
13.866666666666667,-0.02019530014547727
14.133333333333335,-0.020085761166762695
14.4,-0.01772539058248368
14.666666666666668,-0.01938540696491342
14.933333333333334,-0.019731810542576333
15.200000000000001,-0.01960191635615105
15.466666666666667,-0.019786616601520535
15.733333333333334,-0.021535196844154447
16.0,-0.02117646802930634
16.266666666666666,-0.021463410742621536
16.533333333333335,-0.02178161018372693
16.8,-0.0217914684737327
17.066666666666666,-0.022863429193096696
17.333333333333336,-0.02314588549547053
17.6,-0.023537495609463943
17.866666666666667,-0.023662628401564023
18.133333333333333,-0.023168626208824927
18.400000000000002,-0.02335375770261422
18.666666666666668,-0.02526819623556381
18.933333333333334,-0.025150056733717674
19.2,-0.025109362235878285
19.46666666666667,-0.025014455744127806
19.733333333333334,-0.02511501184890108
20.0,-0.02639017241790248
20.26666666666667,-0.026797243303082974
20.533333333333335,-0.026813351449598066
20.8,-0.02693097838856201
21.066666666666666,-0.026938271885965037
21.333333333333336,-0.02807369882120786
21.6,-0.028831356508872752
21.866666666666667,-0.03024041454724885
22.133333333333333,-0.03085130240299666
22.400000000000002,-0.03212719822738902
22.666666666666668,-0.03201137130595105
22.933333333333334,-0.03199874041961409
23.200000000000003,-0.03223176747338735
23.46666666666667,-0.03277585487647322
23.733333333333334,-0.03278853179508534
24.0,-0.03379632849389158
24.26666666666667,-0.03337050069628755
24.533333333333335,-0.03375038268703351
24.8,-0.0341597544154838
25.066666666666666,-0.03462153268453111
25.333333333333336,-0.03498554498513429
25.6,-0.03534344885320723
25.866666666666667,-0.035584716882489154
26.133333333333333,-0.035298489905594865
26.400000000000002,-0.03524134474940449
26.666666666666668,-0.03586617595776792
26.933333333333334,-0.03619891255218055
27.200000000000003,-0.03654264210394487
27.46666666666667,-0.03740718411522731
27.733333333333334,-0.037761222143173956
28.0,-0.037667983373805336
28.26666666666667,-0.037812550266519696
28.533333333333335,-0.038037631955659845
28.8,-0.03846708908749924
29.066666666666666,-0.03930929860514659
29.333333333333336,-0.039254428446292455
29.6,-0.03912093258375948
29.866666666666667,-0.0394591290106619
30.133333333333336,-0.040076105065461
30.400000000000002,-0.04117447327576251
30.666666666666668,-0.04111199650622749
30.933333333333334,-0.0404240355199616
31.200000000000003,-0.040979919931322384
31.46666666666667,-0.04147576819667814
31.733333333333334,-0.04280570657549948
32.0,-0.04262360262700088
32.266666666666666,-0.04143184015652657
32.53333333333333,-0.04264183615827777
32.800000000000004,-0.04302976123606728
33.06666666666667,-0.043480026431638674
33.333333333333336,-0.0433047679648661
33.6,-0.043431154633281954
33.86666666666667,-0.044607595306495995
34.13333333333333,-0.046949469519074194
34.4,-0.04678317698969142
34.66666666666667,-0.04705099839603333
34.93333333333334,-0.04758219781942086
35.2,-0.048385417965752464
35.46666666666667,-0.04834597152647141
35.733333333333334,-0.04819049568959871
36.0,-0.048954103085913137
36.266666666666666,-0.05006398398683304
36.53333333333334,-0.051975803571363
36.800000000000004,-0.05057249342900927
37.06666666666667,-0.050595262334817814
37.333333333333336,-0.05211323196815998
37.6,-0.05235489731517834
37.86666666666667,-0.053434641297049834
38.13333333333333,-0.05324584109656083
38.4,-0.05393196626451896
38.66666666666667,-0.053935965321487034
38.93333333333334,-0.05543390154949235
39.2,-0.05697586373023433
39.46666666666667,-0.057293772085167394
39.733333333333334,-0.057452170042443296
40.0,-0.057693556470192364
40.266666666666666,-0.058146275388568314
40.53333333333334,-0.05834904234157162
40.800000000000004,-0.05931657506587412
41.06666666666667,-0.05961145115840116
41.333333333333336,-0.05989328249848275
41.6,-0.05977678109539225
41.86666666666667,-0.05966515828055785
42.13333333333333,-0.05975237606940137
42.4,-0.06083258225153426
42.66666666666667,-0.061076020336290726
42.93333333333334,-0.0612304200539977
43.2,-0.0616066875812355
43.46666666666667,-0.06148586393761496
43.733333333333334,-0.062854861614077
44.0,-0.06275779456501746
44.266666666666666,-0.06312728813223395
44.53333333333334,-0.0644617918621802
44.800000000000004,-0.06471053735672799
45.06666666666667,-0.064779066649292
45.333333333333336,-0.0660436055368494
45.6,-0.06693610512107978
45.86666666666667,-0.06872622246936733
46.13333333333333,-0.06994322316536533
46.400000000000006,-0.07032262960352037
46.66666666666667,-0.0707486426118678
46.93333333333334,-0.07139765442640983
47.2,-0.07213525798576353
47.46666666666667,-0.07357475171513478
47.733333333333334,-0.0733049212692291
48.0,-0.07329662832925476
48.266666666666666,-0.07539650139295406
48.53333333333334,-0.07560391820789053
48.800000000000004,-0.07626780819404089
49.06666666666667,-0.07699105097840608
49.333333333333336,-0.07774976045807058
49.6,-0.07770931087703992
49.86666666666667,-0.07892623174464175
50.13333333333333,-0.0790115497159341
50.400000000000006,-0.07899876140654083
50.66666666666667,-0.08060760775667553
50.93333333333334,-0.08246763016856262
51.2,-0.08438042861420242
51.46666666666667,-0.08463807361183578
51.733333333333334,-0.08466179606233132
52.0,-0.08445099895922509
52.266666666666666,-0.08479013833253252
52.53333333333334,-0.08537959756351776
52.800000000000004,-0.08771738829760506
53.06666666666667,-0.08801884794803277
53.333333333333336,-0.08824638094682041
53.6,-0.08889932162615638
53.86666666666667,-0.08943636207902239
54.13333333333333,-0.0912838597184949
54.400000000000006,-0.09239658515653387
54.66666666666667,-0.09373362098360344
54.93333333333334,-0.09509841032145955
55.2,-0.09480229297164383
55.46666666666667,-0.09512265579995155
55.733333333333334,-0.09651338716144792
56.0,-0.09853652188796208
56.26666666666667,-0.10060682449631092
56.53333333333334,-0.10233354645743215
56.800000000000004,-0.1020980219607533
57.06666666666667,-0.10182994293287212
57.333333333333336,-0.10288211531218833
57.6,-0.10271444400118385
57.86666666666667,-0.10373054397672726
58.13333333333333,-0.10447502306833195
58.400000000000006,-0.1045577926278573
58.66666666666667,-0.10448228343923677
58.93333333333334,-0.104437516567286
59.2,-0.10508884295322346
59.46666666666667,-0.10578706775249797
59.733333333333334,-0.10604775424246254
60.0,-0.10636078544465605
60.26666666666667,-0.10653508144486762
60.53333333333334,-0.10783134990368265
60.800000000000004,-0.10775553950265843
61.06666666666667,-0.10799219232274532
61.333333333333336,-0.1083986705454712
61.6,-0.10826038028758239
61.86666666666667,-0.10817491230567705
62.13333333333333,-0.10804227088729718
62.400000000000006,-0.10936845234735865
62.66666666666667,-0.10975435707151843
62.93333333333334,-0.1097665301319109
63.2,-0.11006298540617482
63.46666666666667,-0.1098616210704037
63.733333333333334,-0.10955272286364987
64.0,-0.11007581278853301
64.26666666666667,-0.1108710906166192
64.53333333333333,-0.11114893971507939
64.8,-0.11254515777732649
65.06666666666666,-0.11179182195229947
65.33333333333334,-0.11198144814833494
65.60000000000001,-0.11309505335246345
65.86666666666667,-0.11312482232474835
66.13333333333334,-0.11393909960857523
66.4,-0.11459883025275869
66.66666666666667,-0.11445332225937282
66.93333333333334,-0.11523885851889465
67.2,-0.11585070244094647
67.46666666666667,-0.11687650708552327
67.73333333333333,-0.11519111604521742
68.0,-0.11200227254420198
68.26666666666667,-0.1060364598068993
68.53333333333333,-0.10742842180876538
68.8,-0.10971910993449446
69.06666666666666,-0.1114745052691371
69.33333333333334,-0.11370733135532479
69.60000000000001,-0.11514621223114557
69.86666666666667,-0.11833915982829674
70.13333333333334,-0.12545489938703963
70.4,-0.12741579407622844
70.66666666666667,-0.12960561912130703
70.93333333333334,-0.13084844224391995
71.2,-0.1315938859515538
71.46666666666667,-0.13243145471475354
71.73333333333333,-0.13272644341492573
72.0,-0.13342298352506715
72.26666666666667,-0.13483320254476233
72.53333333333333,-0.13609802324941628
72.8,-0.1368302577094
73.06666666666668,-0.13725756274358508
73.33333333333334,-0.1388048457930779
73.60000000000001,-0.1385350555710702
73.86666666666667,-0.1384154886086328
74.13333333333334,-0.14026625419742172
74.4,-0.1404879059126603
74.66666666666667,-0.1404838712827357
74.93333333333334,-0.141109229405937
75.2,-0.14062815032039006
75.46666666666667,-0.14039185180749164
75.73333333333333,-0.14161894935611236
76.0,-0.14364685071313849
76.26666666666667,-0.14593354181828838
76.53333333333333,-0.14754205381290336
76.8,-0.14888342636330404
77.06666666666668,-0.14925160084311723
77.33333333333334,-0.14953597828915882
77.60000000000001,-0.15072637875786837
77.86666666666667,-0.15125865513592235
78.13333333333334,-0.1525037273676268
78.4,-0.15239821500461254
78.66666666666667,-0.15274608990581845
78.93333333333334,-0.15276130389889325
79.2,-0.15413239133067963
79.46666666666667,-0.1547628790664956
79.73333333333333,-0.15579570740786713
80.0,-0.15626428936778608
80.26666666666667,-0.1564673138824197
80.53333333333333,-0.1577064719829459
80.8,-0.15795941203224823
81.06666666666668,-0.1588276570689267
81.33333333333334,-0.1590577713498153
81.60000000000001,-0.1593779981919376
81.86666666666667,-0.15913588532593753
82.13333333333334,-0.15948710388474624
82.4,-0.1593163109882671
82.66666666666667,-0.15993898717550598
82.93333333333334,-0.16057232972395935
83.2,-0.1611242531150066
83.46666666666667,-0.16069031935211192
83.73333333333333,-0.16099270524683013
84.0,-0.16082306808800567
84.26666666666667,-0.161960088586881
84.53333333333333,-0.16355370339463898
84.8,-0.16553537947578661
85.06666666666668,-0.16684358807275007
85.33333333333334,-0.16647179069476453
85.60000000000001,-0.16775355202265946
85.86666666666667,-0.16943564543194162
86.13333333333334,-0.17116714808088868
86.4,-0.17226482419463868
86.66666666666667,-0.17591116760447584
86.93333333333334,-0.17792714536590865
87.2,-0.17711495932555216
87.46666666666667,-0.17245120838000477
87.73333333333333,-0.1726444862948649
88.0,-0.1724595531945175
88.26666666666667,-0.17253409695922856
88.53333333333333,-0.1719565698671805
88.8,-0.17191820924886575
89.06666666666668,-0.17205667346794923
89.33333333333334,-0.17212105733971367
89.60000000000001,-0.17262962603849658
89.86666666666667,-0.17324334631611654
90.13333333333334,-0.17428151996751423
90.4,-0.17605213227034616
90.66666666666667,-0.1811853240501327
90.93333333333334,-0.18326341222697656
91.2,-0.18503627239252146
91.46666666666667,-0.185113420059063
91.73333333333333,-0.18523217187066215
92.0,-0.18564560648457457
92.26666666666667,-0.1841065298407411
92.53333333333333,-0.18479649730919073
92.80000000000001,-0.18554763403332292
93.06666666666668,-0.18573135653851386
93.33333333333334,-0.18612213174195918
93.60000000000001,-0.18815257697295001
93.86666666666667,-0.1872605866283366
94.13333333333334,-0.18676465412293958
94.4,-0.18617195819825866
94.66666666666667,-0.18808598914623526
94.93333333333334,-0.1900040286035149
95.2,-0.19202814507117877
95.46666666666667,-0.19918466135638607
95.73333333333333,-0.18482130245049205
96.0,-0.1830699181307998
96.26666666666667,-0.1901761080805277
96.53333333333333,-0.1900640745978625
96.80000000000001,-0.1911474253250371
97.06666666666668,-0.1920787199482515
97.33333333333334,-0.1920870822551311
97.60000000000001,-0.1914479863511142
97.86666666666667,-0.19329502299844786
98.13333333333334,-0.1927960858806858
98.4,-0.19328387677705444
98.66666666666667,-0.19349395333197744
98.93333333333334,-0.19338617583549572
99.2,-0.19321799575778936
99.46666666666667,-0.19320536890584233
99.73333333333333,-0.19308419021255935
100.0,-0.1948476201867571
100.26666666666667,-0.19394000908793946
100.53333333333333,-0.19423766824393934
100.80000000000001,-0.19433352249893782
101.06666666666668,-0.1929116678633977
101.33333333333334,-0.19354107090679412
101.60000000000001,-0.1946246847605117
101.86666666666667,-0.19483319986458508
102.13333333333334,-0.19626530712596163
102.4,-0.19622604883934774
102.66666666666667,-0.19641373106198562
102.93333333333334,-0.19473292471159626
103.2,-0.19426238243047994
103.46666666666667,-0.19370852767017172
103.73333333333333,-0.19286300913710036
104.0,-0.19451447257518678
104.26666666666667,-0.19330940412818304
104.53333333333333,-0.19284403209819373
104.80000000000001,-0.1936646647188221
105.06666666666668,-0.19500625600766813
105.33333333333334,-0.19447308505245092
105.60000000000001,-0.19450768119606493
105.86666666666667,-0.19446227736873228
106.13333333333334,-0.19495957924591606
106.4,-0.19490545386408759
106.66666666666667,-0.19599769499841718
106.93333333333334,-0.1973273934736654
107.2,-0.19810508018698464
107.46666666666667,-0.19886687020012955
107.73333333333333,-0.19889535598010127
108.0,-0.19864419024849717
108.26666666666667,-0.1980861760699542
108.53333333333333,-0.1983817751441576
108.80000000000001,-0.19907623225718157
109.06666666666668,-0.1998300937791389
109.33333333333334,-0.19923052763812926
109.60000000000001,-0.19975457001510283
109.86666666666667,-0.2002218029220349
110.13333333333334,-0.2013987512408167
110.4,-0.20175599921527648
110.66666666666667,-0.20252132551397933
110.93333333333334,-0.20337990147046264
111.2,-0.20379185655806192
111.46666666666667,-0.20425459533905682
111.73333333333333,-0.20356517611467123
112.0,-0.2042980049861804
112.26666666666667,-0.2052807770702167
112.53333333333335,-0.20445856340309537
112.80000000000001,-0.20553879782690793
113.06666666666668,-0.20470592047885988
113.33333333333334,-0.20610625472324967
113.60000000000001,-0.20580703940373674
113.86666666666667,-0.20790167814800603
114.13333333333334,-0.20908564258357948
114.4,-0.21030286269252213
114.66666666666667,-0.21148122452758628
114.93333333333334,-0.2107756242964755
115.2,-0.21151610891735967
115.46666666666667,-0.21224140385333806
115.73333333333333,-0.21341134892600083
116.0,-0.21418060650317156
116.26666666666667,-0.2139398844071882
116.53333333333335,-0.2142931282739295
116.80000000000001,-0.21326495901953596
117.06666666666668,-0.21423842014629707
117.33333333333334,-0.215072317719266
117.60000000000001,-0.21587701023266231
117.86666666666667,-0.2154201937389127
118.13333333333334,-0.21532598776494644
118.4,-0.214459886705263
118.66666666666667,-0.21464089826236116
118.93333333333334,-0.21617634068150587
119.2,-0.21866663014981796
119.46666666666667,-0.22018892088684444
119.73333333333333,-0.2204417275337483
120.0,-0.22116246952098811
120.26666666666667,-0.22134930972193662
120.53333333333335,-0.22212866710105944
120.80000000000001,-0.22295489951439934
121.06666666666668,-0.22465648625277007
121.33333333333334,-0.2255683312936359
121.60000000000001,-0.22463660917360334
121.86666666666667,-0.2262039967804163
122.13333333333334,-0.22749017670870203
122.4,-0.2296357371083551
122.66666666666667,-0.23166435963958582
122.93333333333334,-0.2324510361007221
123.2,-0.23437796624751844
123.46666666666667,-0.23410045759891523
123.73333333333333,-0.23410194270760626
124.0,-0.23430768616680625
124.26666666666667,-0.23613593624268786
124.53333333333335,-0.23675979823236698
124.80000000000001,-0.2374150942678082
125.06666666666668,-0.23744911755063697
125.33333333333334,-0.23703517734081098
125.60000000000001,-0.23683067902363503
125.86666666666667,-0.2374941123970969
126.13333333333334,-0.23928438637767596
126.4,-0.23886063174976763
126.66666666666667,-0.23870153746610007
126.93333333333334,-0.24059897620223786
127.2,-0.240162032369083
127.46666666666667,-0.23989929647882197
127.73333333333333,-0.24157072500669113
128.0,-0.24316638746824332
128.26666666666668,-0.24485206940107623
128.53333333333333,-0.2448188283659442
128.8,-0.2442362281388934
129.06666666666666,-0.24449389835430763
129.33333333333334,-0.2455412950726979
129.6,-0.24687208616830897
129.86666666666667,-0.24821838266383417
130.13333333333333,-0.24760253716021935
130.4,-0.2478797401135045
130.66666666666669,-0.24833040851399119
130.93333333333334,-0.24892100236662512
131.20000000000002,-0.2503505122272807
131.46666666666667,-0.252174080928865
131.73333333333335,-0.25290510512048453
132.0,-0.25265192277345855
132.26666666666668,-0.2523111733809977
132.53333333333333,-0.2519520729771964
132.8,-0.2537822760073098
133.06666666666666,-0.2557216030776291
133.33333333333334,-0.2574800947244072
133.6,-0.25845567566442246
133.86666666666667,-0.258720590076494
134.13333333333333,-0.25854300485766174
134.4,-0.2594015680355856
134.66666666666669,-0.26044589730770834
134.93333333333334,-0.26102496669242986
135.20000000000002,-0.2627992812668532
135.46666666666667,-0.26210885059259353
135.73333333333335,-0.26119501942878903
136.0,-0.26073908769392756
136.26666666666668,-0.2603502483506615
136.53333333333333,-0.26174208679520344
136.8,-0.2623719120774011
137.06666666666666,-0.26281178095987284
137.33333333333334,-0.2625527913450189
137.6,-0.2624580262165305
137.86666666666667,-0.26164247900014664
138.13333333333333,-0.26269293337096106
138.4,-0.26324988071357086
138.66666666666669,-0.26452968719826203
138.93333333333334,-0.26449700177151986
139.20000000000002,-0.26400513931872
139.46666666666667,-0.26289677936753336
139.73333333333335,-0.2650990616948948
140.0,-0.26542025347190207
140.26666666666668,-0.2657701588039039
140.53333333333333,-0.2690299772814205
140.8,-0.26888296193188227
141.06666666666666,-0.26856331817570894
141.33333333333334,-0.2685491943296591
141.6,-0.26898216198027786
141.86666666666667,-0.26982921957468525
142.13333333333335,-0.27221113681938697
142.4,-0.27330983740735687
142.66666666666669,-0.2735218755256557
142.93333333333334,-0.272454716645018
143.20000000000002,-0.272879921830864
143.46666666666667,-0.27317880034053926
143.73333333333335,-0.2746270354241445
144.0,-0.2754637282886451
144.26666666666668,-0.2760080907883578
144.53333333333333,-0.275223009892887
144.8,-0.2751671887586707
145.06666666666666,-0.275787456187312
145.33333333333334,-0.27652225015667736
145.6,-0.2768025407396389
145.86666666666667,-0.2766917130241136
146.13333333333335,-0.27721274240150445
146.4,-0.2769125892536631
146.66666666666669,-0.27604722915300056
146.93333333333334,-0.27721346693154
147.20000000000002,-0.2775019857759003
147.46666666666667,-0.278941867794319
147.73333333333335,-0.279267104561074
148.0,-0.27937231220119146
148.26666666666668,-0.27848298751644157
148.53333333333333,-0.27747486359049495
148.8,-0.27892210529109424
149.06666666666666,-0.2796714125140058
149.33333333333334,-0.2807722605476248
149.6,-0.28097601857764104
149.86666666666667,-0.2796139017326978
150.13333333333335,-0.28000875339278725
150.4,-0.2791564112906228
150.66666666666669,-0.28113124897253255
150.93333333333334,-0.2808001181189273
151.20000000000002,-0.28088814030381254
151.46666666666667,-0.2808912115644479
151.73333333333335,-0.2816933548978849
152.0,-0.28034113588594106
152.26666666666668,-0.28044645958840947
152.53333333333333,-0.2804282857882156
152.8,-0.2816241646555629
153.06666666666666,-0.2815701729721583
153.33333333333334,-0.28062605065802
153.6,-0.28060336113074297
153.86666666666667,-0.27923983380885903
154.13333333333335,-0.28140051596702514
154.4,-0.281530471463414
154.66666666666669,-0.2832235585458264
154.93333333333334,-0.2833051162230397
155.20000000000002,-0.28200465350906995
155.46666666666667,-0.280901266188948
155.73333333333335,-0.2810238716085793
156.0,-0.28215649403530313
156.26666666666668,-0.2825459605731974
156.53333333333333,-0.28235198913368514
156.8,-0.28318142116090045
157.06666666666666,-0.2818526226374612
157.33333333333334,-0.28069761063677173
157.6,-0.28050451608730803
157.86666666666667,-0.2827749475356131
158.13333333333335,-0.282779250361926
158.4,-0.28325272264101514
158.66666666666669,-0.28191208098777193
158.93333333333334,-0.2814924813789835
159.20000000000002,-0.28129295620202416
159.46666666666667,-0.28287339153002206
159.73333333333335,-0.28278582502667066
160.0,-0.2849208390452424
160.26666666666668,-0.28440017896060305
160.53333333333333,-0.2845217360856906
160.8,-0.2835399814522728
161.06666666666666,-0.2831338816751578
161.33333333333334,-0.28451236437356847
161.6,-0.286490286360314
161.86666666666667,-0.2873223345913691
162.13333333333335,-0.28668521559952226
162.4,-0.2858799327244102
162.66666666666669,-0.28479701033927934
162.93333333333334,-0.28611422968008277
163.20000000000002,-0.2854622945733037
163.46666666666667,-0.28729909813820104
163.73333333333335,-0.2879500484398562
164.0,-0.2856265897770844
164.26666666666668,-0.2871068254149591
164.53333333333333,-0.286693763817167
164.8,-0.28681806345380306
165.06666666666666,-0.2879462551630764
165.33333333333334,-0.28810947931407344
165.6,-0.2884326317822106
165.86666666666667,-0.2884528277374208
166.13333333333335,-0.28847751233953484
166.4,-0.2882514572726536
166.66666666666669,-0.29030015220051036
166.93333333333334,-0.2910608534215336
167.20000000000002,-0.2916938254239351
167.46666666666667,-0.29216977652813864
167.73333333333335,-0.2902738191148308
168.0,-0.2898847054455607
168.26666666666668,-0.2908890651990827
168.53333333333333,-0.2914950037864578
168.8,-0.2917575628743057
169.06666666666666,-0.2928509408440489
169.33333333333334,-0.29159055141634543
169.6,-0.29208722734715414
169.86666666666667,-0.29258837586433123
170.13333333333335,-0.29208432744288754
170.4,-0.29281738110363836
170.66666666666669,-0.2934803254578901
170.93333333333334,-0.29319864832218473
171.20000000000002,-0.2936549921322997
171.46666666666667,-0.2926720009941511
171.73333333333335,-0.2921385665893335
172.0,-0.2935839180778676
172.26666666666668,-0.2952719467485963
172.53333333333333,-0.2951136447087937
172.8,-0.2953477373962579
173.06666666666666,-0.2951107999352521
173.33333333333334,-0.29259247051232556
173.6,-0.2929544412364789
173.86666666666667,-0.29538678525970735
174.13333333333335,-0.29527266472943864
174.4,-0.29662626388822616
174.66666666666669,-0.2953464938530374
174.93333333333334,-0.2949829799869111
175.20000000000002,-0.29522194681465813
175.46666666666667,-0.29544183788807105
175.73333333333335,-0.2975549386386544
176.0,-0.29675519602103745
176.26666666666668,-0.297216011895788
176.53333333333333,-0.29706196339316987
176.8,-0.2955398427772699
177.06666666666666,-0.2950726982888148
177.33333333333334,-0.29712911205640485
177.6,-0.2968510913144257
177.86666666666667,-0.2962476420188735
178.13333333333335,-0.2979155261422686
178.4,-0.295694230029477
178.66666666666669,-0.29483059065653033
178.93333333333334,-0.2954660413107206
179.20000000000002,-0.2981751818191612
179.46666666666667,-0.29723792980919944
179.73333333333335,-0.29796776157220867
180.0,-0.2974148623340433
180.26666666666668,-0.29738550853897344
180.53333333333333,-0.29781442065378966
180.8,-0.2975658940236661
181.06666666666666,-0.2990839045986648
181.33333333333334,-0.29919375749315086
181.60000000000002,-0.299194843143393
181.86666666666667,-0.2995255175785389
182.13333333333335,-0.29852678116096215
182.4,-0.29892227495341467
182.66666666666669,-0.29896102867010727
182.93333333333334,-0.3015162722013915
183.20000000000002,-0.3007118623380051
183.46666666666667,-0.30076059156704277
183.73333333333335,-0.300769019638135
184.0,-0.3014994728875046
184.26666666666668,-0.3013143372544202
184.53333333333333,-0.3032262335680736
184.8,-0.30329654280501134
185.06666666666666,-0.3046364736167871
185.33333333333334,-0.3048019599203153
185.60000000000002,-0.30363423634532377
185.86666666666667,-0.30314662530707476
186.13333333333335,-0.3053240539795978
186.4,-0.3060199967310279
186.66666666666669,-0.30567711788973245
186.93333333333334,-0.3062865750558155
187.20000000000002,-0.3059911009096032
187.46666666666667,-0.3049103077728265
187.73333333333335,-0.3045286151110415
188.0,-0.3061907551849001
188.26666666666668,-0.3079281885364837
188.53333333333333,-0.30709183468567786
188.8,-0.30888285634009466
189.06666666666666,-0.3071595998587417
189.33333333333334,-0.30578916285048924
189.60000000000002,-0.30549633937907433
189.86666666666667,-0.3073707071482413
190.13333333333335,-0.3079212883184171
190.4,-0.30792484848912854
190.66666666666669,-0.3077845318266816
190.93333333333334,-0.30780966038113516
191.20000000000002,-0.3059178272694765
191.46666666666667,-0.30571373855561496
191.73333333333335,-0.30768914533106023
192.0,-0.3079368878930308
192.26666666666668,-0.30753773412923885
192.53333333333333,-0.30792475006933134
192.8,-0.3070608961386199
193.06666666666666,-0.3065080612611943
193.33333333333334,-0.3081714160174938
193.60000000000002,-0.30844625166034495
193.86666666666667,-0.31010117901279216
194.13333333333335,-0.30967341916753527
194.4,-0.308440551824761
194.66666666666669,-0.3083408940601496
194.93333333333334,-0.30717015238105577
195.20000000000002,-0.3078367541125145
195.46666666666667,-0.309682109470193
195.73333333333335,-0.30874656637536274
196.0,-0.3103236072667203
196.26666666666668,-0.3091781605096054
196.53333333333333,-0.30770455753571185
196.8,-0.3080422542410877
197.06666666666666,-0.310254206708334
197.33333333333334,-0.3098615364046486
197.60000000000002,-0.3105657013155479
197.86666666666667,-0.3089673057746612
198.13333333333335,-0.307765377738271
198.4,-0.30755243302413376
198.66666666666669,-0.30899556268123923
198.93333333333334,-0.31011002046610864
199.20000000000002,-0.3114208604847815
199.46666666666667,-0.31168968346988063
199.73333333333335,-0.31136856123587137
200.0,-0.3110252389840726
200.26666666666668,-0.31029955806433335
200.53333333333333,-0.3114761128736097
200.8,-0.3129098215372906
201.06666666666666,-0.31259888320961954
201.33333333333334,-0.3136523908353461
201.60000000000002,-0.3134215206840765
201.86666666666667,-0.31261609175528643
202.13333333333335,-0.31294197727126444
202.4,-0.3135030783014839
202.66666666666669,-0.3161610582754984
202.93333333333334,-0.31480891344504397
203.20000000000002,-0.3157189699175998
203.46666666666667,-0.3140629105102422
203.73333333333335,-0.31338342130588964
204.0,-0.31389220134761414
204.26666666666668,-0.3149051300769197
204.53333333333333,-0.31600393742108873
204.8,-0.31571581925207565
205.06666666666666,-0.31578697073921774
205.33333333333334,-0.3154952729295088
205.60000000000002,-0.3149657603353833
205.86666666666667,-0.3144076621742217
206.13333333333335,-0.31596930025986586
206.4,-0.31684149956062574
206.66666666666669,-0.3173497047626553
206.93333333333334,-0.31720293948871275
207.20000000000002,-0.31512295392357886
207.46666666666667,-0.3148935657770325
207.73333333333335,-0.316366932228419
208.0,-0.3170665859165341
208.26666666666668,-0.31727137531648636
208.53333333333333,-0.3164903957032697
208.8,-0.316384642037057
209.06666666666666,-0.31544493663210577
209.33333333333334,-0.3156145117341997
209.60000000000002,-0.3172484265181778
209.86666666666667,-0.317361087536217
210.13333333333335,-0.31797144536239946
210.4,-0.31683475955536183
210.66666666666669,-0.317421286185032
210.93333333333334,-0.31646658032496383
211.20000000000002,-0.31700203087719764
211.46666666666667,-0.31814225293442494
211.73333333333335,-0.3190096951759915
212.0,-0.3184909803532802
212.26666666666668,-0.3173411211367482
212.53333333333333,-0.316621844690734
212.8,-0.3168762691049603
213.06666666666666,-0.3169826645785881
213.33333333333334,-0.3181911158953063
213.60000000000002,-0.3181846764564204
213.86666666666667,-0.3182867981310012
214.13333333333335,-0.31636093603266685
214.4,-0.3172078995515422
214.66666666666669,-0.3162322390866919
214.93333333333334,-0.3168083690406038
215.20000000000002,-0.3181222660046115
215.46666666666667,-0.31869757781786384
215.73333333333335,-0.3185048740181384
216.0,-0.3173655452252419
216.26666666666668,-0.31721771721130104
216.53333333333333,-0.31805881791714524
216.8,-0.3178469984170755
217.06666666666666,-0.318974613680516
217.33333333333334,-0.31912426073287475
217.60000000000002,-0.3184849280038516
217.86666666666667,-0.3181712002455073
218.13333333333335,-0.31834866228655917
218.4,-0.31798529755364274
218.66666666666669,-0.31959497429175016
218.93333333333334,-0.3203458465367313
219.20000000000002,-0.3202692787261951
219.46666666666667,-0.319093061905061
219.73333333333335,-0.3189204991510914
220.0,-0.3194394296193515
220.26666666666668,-0.3205748933802545
220.53333333333333,-0.32256357226348636
220.8,-0.3214690859431633
221.0666666666667,-0.32300721730941445
221.33333333333334,-0.322880478825846
221.60000000000002,-0.32172701622694594
221.86666666666667,-0.3219039764757969
222.13333333333335,-0.321503425415037
222.4,-0.3250309189256874
222.66666666666669,-0.3233106544636351
222.93333333333334,-0.3249922488416905
223.20000000000002,-0.3233743664756738
223.46666666666667,-0.32301606781370834
223.73333333333335,-0.32391590086042105
224.0,-0.32387677599281145
224.26666666666668,-0.32477681686185805
224.53333333333333,-0.3256379144759914
224.8,-0.3242022011124495
225.0666666666667,-0.32385751120620293
225.33333333333334,-0.32421652141197826
225.60000000000002,-0.3246665344943109
225.86666666666667,-0.325793957866999
226.13333333333335,-0.3257217143452393
226.4,-0.3258079167770432
226.66666666666669,-0.3261579557129534
226.93333333333334,-0.32515776853008044
227.20000000000002,-0.3245856208457391
227.46666666666667,-0.32672110068407995
227.73333333333335,-0.32721688848788816
228.0,-0.32699344682601833
228.26666666666668,-0.32732116430902863
228.53333333333333,-0.3261504548240049
228.8,-0.32531755556466907
229.0666666666667,-0.3255864799863302
229.33333333333334,-0.32782982554058
229.60000000000002,-0.3286258602528474
229.86666666666667,-0.32985732921097793
230.13333333333335,-0.3296312799855425
230.4,-0.3295696357068924
230.66666666666669,-0.3290057647259898
230.93333333333334,-0.32943056531461873
231.20000000000002,-0.3313650420803535
231.46666666666667,-0.332301618900362
231.73333333333335,-0.33275757740327955
232.0,-0.3313538313743097
232.26666666666668,-0.33069254170429646
232.53333333333333,-0.33157577491915596
232.8,-0.3329543420561882
233.0666666666667,-0.33293703094315114
233.33333333333334,-0.3331896268881945
233.60000000000002,-0.33274771265675956
233.86666666666667,-0.333114760694498
234.13333333333335,-0.33222705923539625
234.4,-0.33374560270005266
234.66666666666669,-0.3333097256993521
234.93333333333334,-0.33431929381359243
235.20000000000002,-0.3345531284566176
235.46666666666667,-0.33575457470467246
235.73333333333335,-0.3353462796253663
236.0,-0.3349261271427018
236.26666666666668,-0.3353227876017945
236.53333333333333,-0.33772581904546145
236.8,-0.3395707359158659
237.0666666666667,-0.34037192419886925
237.33333333333334,-0.3391175302398776
237.60000000000002,-0.3411874885089851
237.86666666666667,-0.34159929585962084
238.13333333333335,-0.3402063031681463
238.4,-0.3427359065006212
238.66666666666669,-0.34226878699863833
238.93333333333334,-0.3432831039797994
239.20000000000002,-0.3426934374686746
239.46666666666667,-0.3414907041722764
239.73333333333335,-0.3425585848191712
240.0,-0.34329446036638206
240.26666666666668,-0.3428986892591625
240.53333333333333,-0.34584069179269145
240.8,-0.34544871259849835
241.0666666666667,-0.34668420022367413
241.33333333333334,-0.3457982433244641
241.60000000000002,-0.3454502121042276
241.86666666666667,-0.347113297757273
242.13333333333335,-0.349413744183014
242.4,-0.3486467142785756
242.66666666666669,-0.34900197829263674
242.93333333333334,-0.34724219497433756
243.20000000000002,-0.34661218195340965
243.46666666666667,-0.34768940776575924
243.73333333333335,-0.349972903372946
244.0,-0.3509027709186429
244.26666666666668,-0.35101971678184246
244.53333333333333,-0.3503882445930376
244.8,-0.3494887815751549
245.0666666666667,-0.3488817484200933
245.33333333333334,-0.350122905461759
245.60000000000002,-0.3508357444921774
245.86666666666667,-0.35215133229457
246.13333333333335,-0.3524516002020512
246.4,-0.3519268905644301
246.66666666666669,-0.3511479493373893
246.93333333333334,-0.35101762537179887
247.20000000000002,-0.35167717960144734
247.46666666666667,-0.35314987387177194
247.73333333333335,-0.3552227733319006
248.0,-0.3549700987613616
248.26666666666668,-0.35429629995466744
248.53333333333333,-0.3521721783829674
248.8,-0.352942498454265
249.0666666666667,-0.3535019359276424
249.33333333333334,-0.35509388958934157
249.60000000000002,-0.3560470766303265
249.86666666666667,-0.3556435236153443
250.13333333333335,-0.3542991655272634
250.4,-0.3538315251877951
250.66666666666669,-0.353928832139451
250.93333333333334,-0.35478782138181225
251.20000000000002,-0.35701795473726233
251.46666666666667,-0.3561010878354562
251.73333333333335,-0.35726628866405524
252.0,-0.35588801382378293
252.26666666666668,-0.35536080126412956
252.53333333333333,-0.35532418108273095
252.8,-0.3555105605022469
253.0666666666667,-0.357254723700092
253.33333333333334,-0.3580860915409975
253.60000000000002,-0.3581311185852433
253.86666666666667,-0.356411984708854
254.13333333333335,-0.3574392680171146
254.4,-0.3570135978362015
254.66666666666669,-0.35695217616522273
254.93333333333334,-0.3589983138652137
255.20000000000002,-0.3602574505898188
255.46666666666667,-0.3595767012628495
255.73333333333335,-0.3587340347921057
256.0,-0.3576686768736354
256.26666666666665,-0.3595508677579436
256.53333333333336,-0.35971278673820245
256.8,-0.3610368461292602
257.06666666666666,-0.3617990502497455
257.33333333333337,-0.3609646792502936
257.6,-0.3593247147792164
257.8666666666667,-0.36000660877605967
258.1333333333333,-0.3606094291953325
258.40000000000003,-0.36109927820406323
258.6666666666667,-0.3620744013388362
258.93333333333334,-0.36284076307481433
259.2,-0.3622229118226437
259.4666666666667,-0.3611503344192127
259.73333333333335,-0.3621157409534545
260.0,-0.36434749704411834
260.26666666666665,-0.3647538679132905
260.53333333333336,-0.36504119732801016
260.8,-0.3647117832351113
261.06666666666666,-0.36620319286841757
261.33333333333337,-0.364437317028745
261.6,-0.3660521548987304
261.8666666666667,-0.36679642439072163
262.1333333333333,-0.3719000679593926
262.40000000000003,-0.3728108426834706
262.6666666666667,-0.372473915271667
262.93333333333334,-0.3715371013198178
263.2,-0.3716072976472515
263.4666666666667,-0.3726140185095809
263.73333333333335,-0.37529259382197117
264.0,-0.37832202494952966
264.26666666666665,-0.3801707274494865
264.53333333333336,-0.38168410521404844
264.8,-0.38446050039028706
